<?xml version="1.0" encoding="UTF-8"?>
<project-private xmlns="http://www.netbeans.org/ns/project-private/1">
    <editor-bookmarks xmlns="http://www.netbeans.org/ns/editor-bookmarks/2" lastBookmarkId="0"/>
    <open-files xmlns="http://www.netbeans.org/ns/projectui-open-files/2">
        <group>
            <file>file:/E:/NienLuanCNTT/Flappybird/src/flappybird/point.java</file>
            <file>file:/E:/NienLuanCNTT/Flappybird/src/flappybird/Flappybird.java</file>
            <file>file:/E:/NienLuanCNTT/Flappybird/src/flappybird/Bird.java</file>
            <file>file:/E:/NienLuanCNTT/Flappybird/src/flappybird/Ground.java</file>
            <file>file:/E:/NienLuanCNTT/Flappybird/src/flappybird/Chimneys.java</file>
            <file>file:/E:/NienLuanCNTT/Flappybird/src/flappybird/Chimney.java</file>
            <file>file:/E:/NienLuanCNTT/Flappybird/src/flappybird/BackGround.java</file>
        </group>
    </open-files>
</project-private>
